S0,Sirenia,Dugongidae,amphibian,male,carnivorous,https://upload.wikimedia.org/wikipedia/commons/9/91/Dugong_Marsa_Alam.jpg,lungs,0,loc0,Jupiter,Solar System,34.802074,38.996815,bio0:coastal areas-bio1:Swamps,2337-04-01,50,https://upload.wikimedia.org/wikipedia/commons/a/aa/Ocean_from_Leblon.jpg, 
A1,Anthracotheres,Hippopotamus,amphibian,female,vegetarian,https://upload.wikimedia.org/wikipedia/commons/f/fa/Hippopotamus_in_San_Diego_Zoo.jpg,lungs,4,loc1,Saturn,Solar System,60.472023,8.468946,bio2:rivers,2337-04-02,20,https://upload.wikimedia.org/wikipedia/commons/5/5c/Loboc_river.png, 
P2,Paradisaeidae,Bird-of-paradise,bird,male,vegetarian,https://upload.wikimedia.org/wikipedia/commons/c/ce/Raggiana_Bird-of-Paradise_wild_5.jpg,20.0,yes,loc2,Neptune,Solar System,12.862807,30.217636,bio3:forests,2337-04-03,100,https://upload.wikimedia.org/wikipedia/commons/c/cb/Hellyer_Gorge%2C_Tasmania.jpg, 
R3,Ramphastidae,Toucan,bird,female,vegetarian,https://upload.wikimedia.org/wikipedia/commons/0/04/-_panoramio_-_Basa_Roland.jpg,30.0,yes,loc3,Uranus,Solar System,30.862807,9.217636,bio4:forests,2337-04-03,60,https://upload.wikimedia.org/wikipedia/commons/a/a0/Garibaldi_National_Park_-_Garibaldi_Mountain.jpg, 
A4,Aeolidioidea,Glaucus atlanticus,invertebrate,male,carnivorous,https://upload.wikimedia.org/wikipedia/commons/5/57/Blue_dragon-glaucus_atlanticus_%288599051974%29.jpg,Glaucidae,blue-black,loc4,Mars,Solar System,45.042282,11.511138,bio5:Oceans,2337-04-04,40,https://upload.wikimedia.org/wikipedia/commons/0/0a/Spanish_shawl.JPG, 
M5,Medusozoa,Jellyfish,invertebrate,unKnown,carnivorous,https://upload.wikimedia.org/wikipedia/commons/4/44/Jelly_cc11.jpg,Acraspeda,Orange,loc5,Venus,Solar System,22.042282,50.511138,bio6:Oceans,2337-05-04,150,https://upload.wikimedia.org/wikipedia/commons/7/7b/Red_sea_coral_reef.jpg, 
